word,reading,meanings,level,example_ja,example_en
あさって,,day after tomorrow,N5,あさって来てください。,Come the day after tomorrow.
あそこ,,over there,N5,あそこを見て。,Look over there.
あちら,,there,N5,トイレはあちらにあります。,The toilet is over there.
あっち,,over there,N5,あっち行け！,Go to hell!
あなた,,you,N5,あなたの本？,Is the book yours?
あの,,that over there,N5,あの車です。,It was that car.
アパート,,apartment,N5,いいアパートね。,This is a great apartment.
あびる,,to bathe; to shower,N5,,
あまり,,not very,N5,あまり見えない。,I see it rarely.
ある,,to be; to have (used for inanimate objects),N5,熱はあるの？,Do you have a fever?
あれ,,that,N5,何だあれは？,What's that?
いい/よい,,good,N5,,
いいえ,,no,N5,いいえ、少しも。,Not at all.
いかが,,how,N5,一口いかが？,How about a bite to eat?
いくつ,,how many?; how old?,N5,いくつですか？,How old are you?
いくら,,how much?,N5,いくらですか？,How much is it?
いす,,chair,N5,私は先払いする。,I pay the money in advance.
いちばん,,best; first,N5,いちばん星みぃつけた。,I found the first star.
いつ,,when,N5,いつ着くの？,When do we arrive?
いつも,,always,N5,丘はいつも緑だ。,The hill is always green.
いろいろ,,various,N5,理由はいろいろある。,There are many reasons.
ええ,,yes,N5,ええと。。。,Er...
エレベーター,,elevator,N5,エレベーター来たよ。,The elevator arrived.
おいしい,,delicious,N5,この魚おいしい。,This fish is delicious.
おなか,,stomach,N5,おなか空いた！,I'm starving!
おばあさん,,grandmother; female senior-citizen,N5,おばあさんはバスから降りた。,The old lady got down from the bus.
おまわりさん,,friendly term for policeman,N5,そのおまわりさんは勤務中です。,The policeman is on duty.
おもしろい,,interesting,N5,探偵小説はおもしろい。,Detective stories are amusing.
お菓子,おかし,sweets; candy,N5,お菓子買ってよ。,Buy me a snack.
お金,おかね,money,N5,お金はどこ？,Where's the money?
お兄さん,おにいさん,(honorable) older brother,N5,お兄さん連れてきてね。,Bring your brother.
お皿,おさら,plate; dish,N5,お皿洗って。,Wash the dishes.
お姉さん,おねえさん,(honorable) older sister,N5,お姉さんのことよ。,It's about your sister.
お手洗い,おてあらい,bathroom,N5,お手洗いはどこですか。,Where is the bathroom?
お酒,おさけ,alcohol; rice wine,N5,お酒を飲もうよ。,Let's have sake.
お茶,おちゃ,green tea,N5,お茶の時間よ。,It's time for tea.
お父さん,おとうさん,(honorable) father,N5,お父さんはどこ？,Where's your father?
お風呂,おふろ,bath,N5,お風呂にする？,Do you want a bath?
お弁当,おべんとう,boxed lunch,N5,普通のお弁当にしてね。,"Make it a normal packed lunch, OK?"
お母さん,おかあさん,(honorable) mother,N5,お母さんはどこ？,Where is mother?
かかる,,to take time or money,N5,体重が気にかかる。,I'm worried about my weight.
かぎ,,key,N5,門にかぎを掛けなさい。,Fasten the gate.
かける,,to call by phone,N5,出かけるの？,Are you going out?
カップ,,cup,N5,カップが割れた。,The cup broke.
かばん,,bag; basket,N5,かばんを返せ。,Give me back my bag.
カメラ,,camera,N5,いいカメラだね。,You have a good camera.
カレー,,curry,N5,今日もカレーよ。,Today it will also be Japanese curry.
カレンダー,,calendar,N5,カレンダーはどこ？,Where is the calendar?
かわいい,,cute,N5,かわいいなー。,It's so cute.
ギター,,guitar,N5,君はギター弾く？,Do you play the guitar?
きれい,,pretty; clean,N5,きれいだね。,She is beautiful.
キロ/キログラム,,kilogram,N5,,
キロ/キロメートル,,kilometre,N5,,
ください,,please,N5,塩ください。,"The salt, if you please."
クラス,,class,N5,クラスに友達いる？,Do you have friends in your class?
グラム,,gram,N5,パングラムって面白い！,I find pangrams amusing.
コート,,coat; tennis court,N5,いいコートだね。,That's a nice coat.
コーヒー,,coffee,N5,コーヒー作るわ。,I will make some coffee.
ここ,,here,N5,ここが痛い。,It hurts here.
こちら,,this person or way,N5,こちらこそ。,The pleasure is mine.
こっち,,this person or way,N5,早く、こっち！,"Come here, fast!"
コップ,,a glass,N5,これ誰のコップ？,Whose glass is this?
この,,this,N5,この本です。,It's this book.
コピーする,,to copy,N5,著者の許可なしに本をコピーすることは違法です。,It is illegal to copy from books without the author's permission.
これ,,this,N5,これ本当さ！,It's true.
こんな,,such,N5,こんな所出よう！,I wanna get out of here!
さあ,,well…,N5,さあ乗って。,Hop in.
さ来年,さらいねん,year after next,N5,,
しかし,,however,N5,しかし、なぜ？,But why?
じゃ/じゃあ,,well then…,N5,,
シャツ,,shirt,N5,シャツを脱いだ。,He removed his shirt.
シャワー,,shower,N5,シャワーするの？,Are you going to shower?
しょうゆ,,soy sauce,N5,,
スカート,,skirt,N5,スカート短すぎよ。,Your skirt is too short.
すぐに,,instantly,N5,すぐに戻るよ。,I will be back soon.
ストーブ,,heater,N5,ストーブ切った？,Did you turn the stove off?
スプーン,,spoon,N5,スプーンがありません。,There is a spoon missing.
スポーツ,,sport,N5,スポーツは好き？,Do you like sports?
ズボン,,trousers,N5,ズボン返してよ。,Give me back my pants.
スリッパ,,slippers,N5,僕のスリッパがない。,I can't find my slippers.
する,,to do,N5,頭痛がする。,I have a headache.
セーター,,sweater; jumper,N5,セーター後ろ前だよ。,Your sweater is on backwards.
せっけん,,economy,N5,せっけんで手を洗いました。,I washed my hands with soap.
ゼロ,,zero,N5,リズム感ゼロね。,You have no sense of rhythm.
そうして/そして,,and,N5,,
そこ,,that place,N5,そこにいて。,Stay there.
そちら,,over there,N5,そちらこそお疲れ。,Thank you for your work as well.
そっち,,over there,N5,そっちの天気は？,How's the weather there?
その,,that,N5,その内訳は？,Give me the details.
そば,,near; beside,N5,そばにいたいな。,I want to be with you.
それ,,that,N5,話がそれた。,The story wandered.
それから,,after that,N5,それから家に急いだ。,Then she hurried home.
それでは,,in that situation,N5,それでは本末転倒だ。,That's reversing the logical order of things.
たいへん,,very,N5,彼はたいへん勇敢だ。,He is very brave.
たくさん,,many,N5,もうたくさんだ。,I have had it.
タクシー,,taxi,N5,タクシーを拾って。,Hail a taxi.
たて,,length; height,N5,音をたてるな。,Don't make a noise.
たばこ,,tobacco; cigarettes,N5,たばこ止めたら？,Why don't you give up smoking?
たぶん,,probably,N5,たぶん遅れる。,I may be late.
だんだん,,gradually,N5,日はだんだん長くなる。,The day is getting longer and longer.
ちゃわん,,rice bowl,N5,,
ちょうど,,exactly,N5,ちょうど五時です。,It is just five o'clock.
ちょっと,,somewhat,N5,ちょっと来て。,Come here.
つける,,to turn on,N5,格好つけるな。,Come off it!
つまらない,,boring,N5,つまらないの？,Are you bored?
テープ,,tape,N5,私はテープを買います。,I buy a tape.
テーブル,,table,N5,テーブルの下よ。,It's under the table.
テープレコーダー,,tape recorder,N5,テープレコーダーは有用な教具です。,The tape recorder is a useful aid to teaching.
できる,,to be able to,N5,それできる？,Can you do that?
テスト,,test,N5,テスト文です。,This is a test sentence.
では,,with that...,N5,では誰ですか。,Then who?
デパート,,department store,N5,デパートで買った。,I bought it at a department store.
でも,,but,N5,何でもない。,Never mind!
テレビ,,television,N5,テレビを消して。,Turn off the TV.
ドア,,Western style door,N5,ドア閉めて。,Close the door.
トイレ,,toilet,N5,お前はトイレだ！,You are a toilet!
どう,,how; in what way,N5,是非どうぞ。,By all means.
どうして,,for what reason,N5,でもどうして？,But why?
どうぞ,,please,N5,是非どうぞ。,By all means.
どうも,,thanks,N5,どうも失礼。,I'm sorry.
どこ,,where,N5,ジムはどこ？,Where is Jim?
どちら,,which of two,N5,どちら様ですか。,"Who is this, please?"
どっち,,which,N5,どっち取る？,Which one do you take?
とても,,very,N5,とても高い。,It's very high.
どなた,,who,N5,どなたですか。,Who are you?
どの,,which,N5,どの犬が黒い？,Which dog is black?
とり肉,とりにく,chicken meat,N5,,
どれ,,which (of three or more),N5,私のはどれ？,Which is mine?
ナイフ,,knife,N5,ナイフがない。,There is a knife missing.
なぜ,,why,N5,本当？なぜ？,Do you? Why?
など,,et cetera,N5,神などいない。,There is no god.
なる,,to become,N5,なるほどね。,I see.
ニュース,,news,N5,ニュースがもれた。,The news leaked out.
ネクタイ,,tie; necktie,N5,ネクタイは？,Where is your tie?
ノート,,notebook; exercise book,N5,ノートは収めて。,Put your notebook away.
パーティー,,party,N5,パーティーに出たい。,I would love to attend the party.
はい,,yes,N5,はいどうぞ。,Here it is.
はく,,to wear; to put on trousers,N5,彼はくつろいだ。,He felt at home.
はし,,chopsticks,N5,損はしないよ。,You cannot lose.
バス,,bus,N5,バスケ得意？,Are you good at basketball?
バター,,butter,N5,バターはどこ？,Where's the butter?
パン,,bread,N5,きみはパンダ。,You are a panda.
ハンカチ,,handkerchief,N5,彼はハンカチを取り出した。,He took out his handkerchief.
フィルム,,roll of film,N5,フィルムが切れた。,My film has run out.
プール,,swimming pool,N5,プールがあるの？,Do you have a pool?
フォーク,,fork,N5,フォークを下さい。,I'd like a fork.
ふろ,,bath,N5,彼はふろに水を入れた。,He ran water into the bathtub.
ページ,,page,N5,１ページ足りない。,There is a page missing.
ベッド,,bed,N5,ベッドへいけ。,Get to bed.
ペット,,pet,N5,彼はペットに優しい。,He's gentle with our pets.
ペン,,pen,N5,ペンはある？,Do you have a pen?
ボールペン,,ball-point pen,N5,ボールペンで書いてください。,Write with a ballpoint pen.
ほか,,other; the rest,N5,ほかの意見もある。,"There are other opinions, too."
ポケット,,pocket,N5,ポケットを見せろ。,Show me your pockets.
ポスト,,post,N5,ポスト争いは厳しい。,Competition for the position is very intense.
ボタン,,button,N5,ボタンを押す。,Press the button.
ホテル,,hotel,N5,今、ホテル。,I'm at the hotel.
ほんとう,,truth,N5,ほんとうに男らしくないよね。,He really does have small dick energy.
まずい,,unpleasant,N5,まずいぞ、トム。,"That's no good, Tom."
また,,again; and,N5,じゃまたね。,I'll see you later.
まだ,,yet; still,N5,まだ怖いの？,Are you still scared?
まっすぐ,,straight ahead; direct,N5,まっすぐ行け。,Go straight on.
マッチ,,match,N5,マッチありますか。,Do you have a match?
みんな,,everyone,N5,みんな嫌い。,I don't like any of them.
メートル,,metre,N5,彼は７０メートル投げた。,He achieved a throw of seventy meters.
もう,,already,N5,もうだめだ。,It's all over.
もう一度,もういちど,again,N5,もう一度おやり。,Do it again!
もっと,,more,N5,もっと欲しい。,I want more.
やる,,to do,N5,訴えてやる！,I'll sue you.
ゆっくりと,,slowly,N5,ゆっくりと急げ。,Make haste slowly.
よく,,often; well,N5,よく言うよ。,Don't make me laugh.
より、ほう,,Used for comparison.,N5,,
ラジオ,,radio,N5,ラジオ、切った？,Did you turn off the radio?
ラジカセ / ラジオカセット,,radio cassette player,N5,,
りっぱ,,splendid,N5,彼はりっぱに振る舞った。,He bore himself well.
レコード,,record,N5,彼らは、レコードを買います。,They will buy a record.
レストラン,,restaurant,N5,あのレストランは好き。,I like that restaurant.
ワイシャツ,,business shirt,N5,俺の白のワイシャツ、どこ？,Where's my white dress shirt?
悪い,わるい,bad,N5,体に悪いよ。,It's not healthy for you.
飴,あめ,candy,N5,飴がほしい。,I want a piece of candy.
安い,やすい,cheap,N5,今日は魚が安い。,Fish is cheap today.
暗い,くらい,gloomy,N5,戸外は暗い。,It is dark out of doors.
意味,いみ,meaning,N5,どういう意味？,What do you mean?
易しい,やさしい,easy; simple,N5,第２課は易しい。,Lesson Two is easy.
違う,ちがう,to differ,N5,違うってば。,I said no.
医者,いしゃ,medical doctor,N5,彼は医者だ。,He is a doctor.
一,いち,one,N5,美は皮一重。,Beauty is but skin deep.
一つ,ひとつ,one,N5,一つ選んで。,Choose one.
一月,ひとつき,one month,N5,一月に彼に会いました。,I met him in January.
一昨日,おととい,day before yesterday,N5,一昨日風が吹いた。,Two days ago the wind blew.
一昨年,おととし,year before last,N5,私は一昨年この山に登りました。,I climbed this mountain the year before last.
一緒,いっしょ,together,N5,一緒に来て。,Come with me.
一人,ひとり,one person,N5,私は一人だ。,I'm alone.
一日,いちにち,(1) one day; (2) first of month,N5,良い一日を。,Have a nice day.
引く,ひく,to pull,N5,風邪引くよ。,You'll catch a cold.
飲み物,のみもの,a drink,N5,何か飲み物をくれ。,Give me something to drink.
飲む,のむ,to drink,N5,ビール飲む？,Do you want to drink some beer?
右,みぎ,right side,N5,右肩が痛い。,My right shoulder hurts.
雨,あめ,rain,N5,雨は止んだ。,It has stopped raining.
映画,えいが,movie,N5,映画に行くの？,You're going to a movie?
映画館,えいがかん,cinema,N5,映画館にいたんだ。,I was at a movie theater.
泳ぐ,およぐ,to swim,N5,彼は泳ぐのが怖い。,He is afraid of swimming.
英語,えいご,English language,N5,英語で話せ！,Speak English.
駅,えき,station,N5,東京駅なう。,I'm at Tokyo Station now.
遠い,とおい,far,N5,ここから遠いの？,Is it far from here?
鉛筆,えんぴつ,pencil,N5,これは鉛筆。,This is a pencil.
塩,しお,salt,N5,お塩とって。,Pass me the salt.
汚い,きたない,dirty,N5,汚い手口ね。,It's a dirty trick.
奥さん,おくさん,(honorable) wife,N5,奥さんはお元気？,How is the wife?
押す,おす,to push; to stamp something,N5,ボタンを押す。,Press the button.
横,よこ,beside; side; width,N5,横に座って。,Sit beside me.
黄色,きいろ,yellow,N5,花は黄色い。,Flowers are yellow.
黄色い,きいろい,yellow,N5,花は黄色い。,Flowers are yellow.
温い,ぬるい,luke warm,N5,ここはちょっと温いですね？,"It's a bit warm in here, isn't it?"
音楽,おんがく,music,N5,音楽は好き？,Are you fond of music?
下,した,below,N5,来て下さい。,Please come.
下手,へた,unskillful,N5,彼は字が下手だ。,His handwriting is poor.
何,なん/なに,what,N5,何してるの？,What are you doing?
夏,なつ,summer,N5,夏は過ぎた。,The summer is over.
夏休み,なつやすみ,summer holiday,N5,夏休みが過ぎた。,The summer vacation is over.
家,いえ,house,N5,彼は画家だ。,He is a painter.
家族,かぞく,family,N5,大家族なの？,Do you have a big family?
家庭,かてい,household,N5,家庭は円満だ。,I have peace at home.
暇,ひま,free time,N5,良い休暇を。,Have a nice vacation.
果物,くだもの,fruit,N5,好きな果物は？,What's your favorite fruit?
歌,うた,song,N5,私は今歌う。,I sing now.
歌う,うたう,to sing,N5,私は今歌う。,I sing now.
火曜日,かようび,Tuesday,N5,今日は火曜日です。,Today is Tuesday.
花,はな,flower,N5,言わぬが花。,"Speech is silver, silence is gold."
花瓶,かびん,a vase,N5,花瓶割ったの誰？,Who broke the vase?
荷物,にもつ,luggage,N5,荷物見ててね。,Keep an eye on the bags.
会う,あう,to meet,N5,よく彼に会う。,I often see him.
会社,かいしゃ,company,N5,会社員です。,I'm an office worker.
海,うみ,sea,N5,大海の一滴。,A drop in the bucket.
灰皿,はいざら,ashtray,N5,灰皿を下さい。,I need an ashtray.
皆さん,みなさん,everyone,N5,皆さんはお元気？,How is everyone?
絵,え,picture,N5,壁の絵を見て。,Look at the picture on the wall.
開く,あく,to open; to become open,N5,本を開くな。,Don't open your book.
開ける,あける,to open,N5,窓を開けるな。,Don't open the window.
階段,かいだん,stairs,N5,階段がある。,There are stairs.
外,そと,outside,N5,戸外は暗い。,It is dark out of doors.
外国,がいこく,foreign country,N5,外国に行く気？,Do you plan to go overseas?
外国人,がいこくじん,foreigner,N5,外国人って面白いなあ。,Foreign people intrigue me.
覚える,おぼえる,to remember,N5,覚えるの、簡単よ。,It's easy to learn.
角,かど,a corner,N5,氷山の一角だよ。,It's the tip of the iceberg.
学校,がっこう,school,N5,学校はどう？,How's school?
学生,がくせい,student,N5,大学生です。,I am a university student.
楽しい,たのしい,enjoyable,N5,楽しい旅を。,Enjoy your trip.
寒い,さむい,cold,N5,肌寒いです。,It's chilly.
漢字,かんじ,Chinese character,N5,漢字を書きます。,I write kanji.
甘い,あまい,sweet,N5,それは甘いの？,Is that sweet?
丸い/円い,まるい,round; circular,N5,,
眼鏡,めがね,glasses,N5,私の眼鏡はどこ？,Where are my glasses?
危ない,あぶない,dangerous,N5,危ない空模様だ。,The weather is threatening.
机,つくえ,desk,N5,私の机は古い。,My desk is old.
帰る,かえる,to go back,N5,家に帰るよ。,I leave to go home.
起きる,おきる,to get up,N5,起きる時間よ。,Time to get up.
喫茶店,きっさてん,coffee lounge,N5,喫茶店に行きたい？,Do you want to go to a coffee shop?
休み,やすみ,rest; holiday,N5,良い休みを。,Have a good vacation.
休む,やすむ,to rest,N5,仕事の途中で休む。,I take a break while working.
吸う,すう,to smoke; to suck,N5,紙は油を吸うよ。,Paper absorbs oil.
牛肉,ぎゅうにく,beef,N5,牛肉は高い。,Beef is expensive.
牛乳,ぎゅうにゅう,milk,N5,牛乳が腐った。,The milk has gone bad.
去年,きょねん,last year,N5,去年の新人です。,I was a freshman last year.
居る,いる,to be; to have (used for people and animals),N5,彼は次の角に居る。,He's at the next corner.
魚,さかな,fish,N5,魚を食べる。,I eat fish.
強い,つよい,powerful,N5,悪運が強い。,Have the devil's own luck.
教える,おしえる,to teach; to tell,N5,彼に教えるな。,Don't tell him.
教室,きょうしつ,classroom,N5,彼は教室だよ。,He is in the classroom.
橋,はし,bridge,N5,橋は石造りだ。,The bridge is made of stone.
狭い,せまい,narrow,N5,狭い部屋だね。,It's a small room.
曲る,まがる,to turn; to bend,N5,,
勤める,つとめる,to work for someone,N5,彼はコンサルティングファームに勤める。,He works for a consulting firm.
近い,ちかい,near,N5,決断の日は近い。,The day of decision is at hand.
近く,ちかく,near,N5,７時近くだ。,It is close to seven o'clock.
金曜日,きんようび,Friday,N5,花の金曜日だ！,Thank God it's Friday!
銀行,ぎんこう,bank,N5,彼は銀行員です。,He is a bank clerk.
九,きゅう / く,nine,N5,九時間寝た。,I slept for 9 hours.
九つ,ここのつ,nine,N5,新二は九つのココナッツを食べました。,Shinji ate nine coconuts.
九日,ここのか,nine days; ninth day,N5,,
空,そら,sky,N5,空耳ですよ。,You are hearing things.
靴,くつ,shoes,N5,靴を履いて。,Put on your shoes.
靴下,くつした,socks,N5,君の靴下臭いよ。,Your socks stink.
兄,あに,(humble) older brother,N5,兄がいます。,I have an older brother.
兄弟,きょうだい,(humble) siblings,N5,兄弟はいるか。,Do you have any brothers?
警官,けいかん,policeman,N5,私は警官だ。,I'm a policeman.
軽い,かるい,light,N5,軽い風邪です。,It's only a slight cold.
結構,けっこう,splendid; enough,N5,結構面白い。,It's so exciting.
結婚,けっこん,marriage,N5,結婚しよう。,Let's get married.
月曜日,げつようび,Monday,N5,月曜日です。,It's Monday.
嫌,いや,unpleasant,N5,みんな嫌い。,I don't like any of them.
嫌い,きらい,hate,N5,みんな嫌い。,I don't like any of them.
建物,たてもの,building,N5,高い建物ですね。,"That is a high building, is it not?"
犬,いぬ,dog,N5,猛犬に注意！,Beware of the dog!
見せる,みせる,to show,N5,手の内を見せるな。,Don't show them your hand.
見る 観る,みる,to see; to watch,N5,,
元気,げんき,health; vitality,N5,元気出して。,Cheer up!
玄関,げんかん,entry hall,N5,だれか玄関にいる。,Someone is at the door.
言う,いう,to say,N5,よく言うよ。,Don't make me laugh.
言葉,ことば,word; language,N5,言葉を失った。,I was at a loss for words.
古い,ふるい,old (not used for people),N5,母は頭が古い。,Mother has old-fashioned ideas.
呼ぶ,よぶ,to call out; to invite,N5,類は友を呼ぶ。,Birds of a feather flock together.
戸,と,Japanese style door,N5,戸外は暗い。,It is dark out of doors.
五,ご,five,N5,五十歩百歩。,Scant difference.
五つ,いつつ,five,N5,彼女はケーキを五つに分けた。,She divided the cake into five pieces.
五日,いつか,five days; fifth day,N5,五日待ってくれ。,Give me five days.
午後,ごご,afternoon,N5,午後二時です。,It's two o'clock in the afternoon.
午前,ごぜん,morning,N5,午前８時です。,It’s 8:00 am.
後,あと,afterwards,N5,後味が悪い。,It leaves a bad aftertaste.
後ろ,うしろ,behind,N5,後ろを見ろ。,Look back!
御飯,ごはん,cooked rice; meal,N5,夕御飯ができました。,Dinner is ready.
交差点,こうさてん,intersection,N5,交差点で事故があった。,There was an accident at the intersection.
交番,こうばん,police box,N5,交番が近くにある。,A police station is close at hand.
公園,こうえん,park,N5,私は公園に歩く。,I walk to the park.
厚い,あつい,kind; deep; thick,N5,分厚い本だな。,The book is thick.
口,くち,mouth; opening,N5,彼は早口だ。,He is a fast speaker.
向こう,むこう,over there,N5,向こうへ行け！,Get away!
好き,すき,likeable,N5,彼が大好き！,I really like him!
広い,ひろい,spacious; wide,N5,世界は広い。,The world is vast.
紅茶,こうちゃ,black tea,N5,紅茶はいかが？,How about some tea?
行く,いく,to go,N5,誰と行くの。,Who will you go with?
降りる,おりる,to get off; to descend,N5,終点で降りる。,We'll get off at the last stop.
降る,ふる,to fall; e.g. rain or snow,N5,雨が降るかな？,Do you think that it'll rain?
高い,たかい,tall; expensive,N5,でも高いよ。,It's expensive though.
国,くに,country,N5,帝国の逆襲。,The empire strikes back.
黒,くろ,black,N5,彼は腹黒い。,He has a black heart.
黒い,くろい,black,N5,彼は腹黒い。,He has a black heart.
今,いま,now,N5,今晩暇かな？,Are you free tonight?
今月,こんげつ,this month,N5,今月は金欠なの。,Money's tight for me this month.
今週,こんしゅう,this week,N5,今週末は暇？,Are you free this weekend?
今朝,けさ,this morning,N5,今朝の虹みた？,Did you see the rainbow this morning?
今日,きょう,today,N5,今日は暑い。,It's hot today.
今年,ことし,this year,N5,今年は春が遅い。,Spring is late this year.
今晩,こんばん,this evening,N5,今晩暇かな？,Are you free tonight?
困る,こまる,to be worried,N5,杖がないと困る。,I need my cane.
左,ひだり,left hand side,N5,左利きなの？,Are you a lefty?
差す,さす,to stretch out hands; to raise an umbrella,N5,彼の言動には嫌気が差す。,His behavior makes me sick.
砂糖,さとう,sugar,N5,砂糖がない。,We have no sugar.
座る,すわる,to sit,N5,その上に座るな。,Don't sit on it.
細い,ほそい,thin,N5,とても心細いです。,I'm so lonely.
財布,さいふ,wallet,N5,ほら財布だ。,Here's my wallet.
咲く,さく,to bloom,N5,梅の花は3月に咲く。,Plum blossoms come out in March.
作る,つくる,to make,N5,蚕は繭を作る。,Silkworms spin cocoons.
作文,さくぶん,composition; writing,N5,彼女は作文が優秀だ。,She is excellent in composition.
昨日,きのう,yesterday,N5,昨日、泳いだ？,Did you swim yesterday?
昨夜,ゆうべ,last night,N5,昨夜はごめん。,I'm sorry about last night.
撮る,とる,to take a photo or record a film,N5,写真撮るの、好き好き。,I love to take pictures.
雑誌,ざっし,magazine,N5,雑誌をくれないか。,"Give me some kind of magazines, will you?"
三,さん,three,N5,三時過ぎよ。,It's just after three o'clock.
三つ,みっつ,three,N5,三つ子の魂百まで。,The child is father to the man.
三日,みっか,three days; third day of the month,N5,切符は三日間有効だ。,The ticket holds good for three days.
傘,かさ,umbrella,N5,私の傘です。,That's my umbrella.
山,やま,mountain,N5,山羊座です。,I'm a Capricorn.
散歩,さんぽする,to stroll,N5,散歩をした。,I took a walk.
仕事,しごと,job,N5,仕事中です。,I am working.
使う,つかう,to use,N5,何に使うの？,What for?
四,し / よん,four,N5,二の二倍は四。,Twice two is equal to four.
四つ,よっつ,four,N5,見て！四つ葉！,Look! A four-leafed clover!
四日,よっか,four days; fouth day of the month,N5,雨は四日間降り続いた。,The rain lasted four days.
始まる,はじまる,to begin,N5,いつ始まるの？,When will it start?
姉,あね,(humble) older sister,N5,姉はいない。,I don't have an older sister.
子供,こども,child,N5,子供が欲しい？,Do you want children?
止まる,とまる,to come to a halt,N5,立ち止まるな。,Move along now.
死ぬ,しぬ,to die,N5,死ぬもんか。,I won't die.
私,わたくし,(humble) I; myself,N5,私も行った。,I also went.
紙,かみ,paper,N5,紙がほしい。,I need some paper.
歯,は,tooth,N5,歯が痛いの？,Does your tooth hurt?
字引,じびき,dictionary,N5,彼女はいわゆる生き字引だ。,"She is, so to speak, a walking dictionary."
持つ,もつ,to hold,N5,僕が持つよ。,Let me carry it for you.
時々,ときどき,sometimes,N5,彼は時々変です。,Sometimes he can be a strange guy.
時間,じかん,time,N5,寝る時間よ。,Time for bed.
時計,とけい,watch; clock,N5,時計してる？,Are you wearing a watch?
次,つぎ,next,N5,君次第だよ。,It's up to you.
耳,みみ,ear,N5,初耳ですね。,This is the first time I heard about it.
自転車,じてんしゃ,bicycle,N5,自転車がある。,I have a bike.
自動車,じどうしゃ,automobile,N5,自動車は左折した。,The car made a turn to the left.
自分,じぶん,oneself,N5,自分でやれ。,Do it yourself.
辞書,じしょ,dictionary,N5,辞書持ってる？,Do you have a dictionary?
七,しち / なな,seven,N5,七転び八起き。,Fall seven times. Stand up eight.
七つ,ななつ,seven,N5,一つ、二つ、三つ、四つ、五つ、六つ、七つ、八つ、九つ、十。,"One, two, three, four, five, six, seven, eight, nine, ten."
七日,なのか,seven days; the seventh day,N5,一週間は七日です。,There are seven days in a week.
質問,しつもん,question,N5,よい質問だ。,Good question!
写真,しゃしん,photograph,N5,写真見せて。,Show me the photo.
車,くるま,car; vehicle,N5,車に乗って。,Get into the car.
借りる,かりる,to borrow,N5,道具を借りる事が出来ますか。,Is it possible to rent equipment?
若い,わかい,young,N5,彼はまだ若い。,He is still young.
弱い,よわい,weak,N5,地理は弱い。,I am weak in geography.
取る,とる,to take something,N5,どっち取る？,Which one do you take?
手,て,hand,N5,手を下げろ。,Put your hands down!
手紙,てがみ,letter,N5,はい、手紙。,Here's a letter for you.
授業,じゅぎょう,lesson; class work,N5,彼等は授業中だ。,They are in class.
秋,あき,autumn,N5,男心と秋の空。,Man is as fickle as autumn weather.
終る,おわる,to finish,N5,議長は意見が不一致に終る可能性を排除しなかった。,The chairman did not rule out the possibility of a disagreement.
習う,ならう,to learn,N5,習うより慣れろ。,Practice makes perfect.
住む,すむ,to live in,N5,森は僕の住む家だ。,The woods are my home.
十,じゅう とお,ten,N5,五十歩百歩。,Scant difference.
十日,とおか,ten days; the tenth day,N5,明日は十月十日火曜日です。,"Tomorrow is Tuesday, the tenth of October."
重い,おもい,heavy,N5,トムは重い。,Tom is heavy.
宿題,しゅくだい,homework,N5,宿題やった？,Did you do your homework?
出かける,でかける,to go out,N5,出かけるの？,Are you going out?
出す,だす,to put out,N5,口を出すな。,You keep out of this.
出る,でる,to appear; to leave,N5,何時に出る？,What time are we leaving?
出口,でぐち,exit,N5,出口を探そう。,Let's find the exit.
春,はる,spring,N5,春になった。,Spring is here.
初め/始め,はじめ,beginning,N5,,
初めて,はじめて,for the first time,N5,初めてだろ？,First time?
所,ところ,place,N5,この場所に？,Just right here?
暑い,あつい,hot,N5,今日は暑い。,It's hot today.
書く,かく,to write,N5,書く紙がない。,There is no paper to write on.
女,おんな,woman,N5,彼女は歩く。,She walks.
女の子,おんなのこ,girl,N5,この女の子は誰？,Who is this girl?
小さい,ちいさい,little,N5,この本は小さい。,This book is small.
小さな,ちいさな,little,N5,小さな部屋ね。,It's a small room.
少し,すこし,few,N5,少し疲れた。,I'm a bit tired.
少ない,すくない,a few,N5,５は８より少ない。,5 is less than 8.
消える,きえる,to disappear,N5,雪はすぐに消えるだろう。,The snow will soon disappear.
消す,けす,to erase; to turn off power,N5,電気を消すな。,Don't turn off the light.
上,うえ,on top of,N5,以上ですか？,Is that all?
上げる,あげる,to give,N5,頭を上げるなよ。,Keep your head down.
上手,じょうず,skillful,N5,世渡り上手ね。,You seem to breeze through everything in life.
上着,うわぎ,jacket,N5,彼は上着を掛けた。,He hung up his coat.
丈夫,じょうぶ,strong; durable,N5,大丈夫そう？,Are you going to be OK?
乗る,のる,to get on; to ride,N5,図に乗るな。,Don't push your luck.
色,いろ,colour,N5,虹は７色だ。,The rainbow has seven colors.
食べる,たべる,to eat,N5,魚を食べる。,I eat fish.
食べ物,たべもの,food,N5,好きな食べ物は？,What's your favorite food?
食堂,しょくどう,dining hall,N5,食堂はどこですか。,Where is the cafeteria?
寝る,ねる,to go to bed; to sleep,N5,寝る時間よ。,Time for bed.
新しい,あたらしい,new,N5,この本は新しい。,This book is new.
新聞,しんぶん,newspaper,N5,新聞取って。,Get me the newspaper.
辛い,からい,spicy,N5,花粉症は辛い。,Hay fever is tough.
人,ひと,person,N5,文は人なり。,The style is the man himself.
図書館,としょかん,library,N5,明日図書館でね。,See you tomorrow at the library.
吹く,ふく,to blow,N5,風は南へ吹く。,The wind blows south.
水,みず,water,N5,水が欲しい。,I want some water.
水曜日,すいようび,Wednesday,N5,今日は水曜日です。,Today is Wednesday.
晴れ,はれ,clear weather,N5,晴れそうだ。,The sky is likely to clear up.
晴れる,はれる,to be sunny,N5,晴れると思う。,I think it will be fine.
生まれる,うまれる,to be born,N5,彼女に赤ちゃんが生まれる。,She is going to have a baby.
生徒,せいと,pupil,N5,トムは生徒です。,Tom is a student.
声,こえ,voice,N5,声援がやんだ。,The cheering ceased.
西,にし,west,N5,日は西に沈む。,The sun sets in the west.
青,あお,blue,N5,信号は青だ。,The traffic signal is green.
青い,あおい,blue,N5,顔が青いよ。,You look pale.
静か,しずか,quiet,N5,静か過ぎる。,It's too quiet.
赤,あか,red,N5,赤丸で囲む。,Circle in red pencil.
赤い,あかい,red,N5,顔が赤いよ。,Your face is red.
切る,きる,to cut,N5,道路を横切るな。,Don't cross the road.
切手,きって,postage stamp,N5,小切手で支払う。,I will pay for it by check.
切符,きっぷ,ticket,N5,切符代、ある？,Do you have money for a ticket?
雪,ゆき,snow,N5,雪は消えた。,The snow has disappeared.
先,さき,the future; previous,N5,先生が来る。,There comes our teacher.
先月,せんげつ,last month,N5,会合は先月あった。,The meeting was last month.
先週,せんしゅう,last week,N5,先週でした。,It was last week.
先生,せんせい,teacher; doctor,N5,先生が来る。,There comes our teacher.
千,せん,thousand,N5,千切りにする。,Cut into long thin strips.
川/河,かわ,river,N5,,
洗う,あらう,to wash,N5,血で血を洗う。,Blood will have blood.
洗濯,せんたく,washing,N5,鬼の留守に洗濯。,"When the cat is away, the mice will play."
前,まえ,before,N5,７時前にね。,See you a little before 7.
全部,ぜんぶ,all,N5,それで全部？,Is that all?
掃除,そうじする,to clean; to sweep,N5,大掃除の時間よ。,It's time for spring cleaning.
早い,はやい,early,N5,彼は素早い。,He moves quickly.
窓,まど,window,N5,窓を閉めて。,Close the window.
走る,はしる,to run,N5,彼は速く走る。,He is a fast runner.
足,あし,foot; leg,N5,それで満足？,Are you satisfied?
速い,はやい,quick,N5,車は速いな。,The car is fast.
村,むら,village,N5,村には娯楽がない。,There are not many amusements in the village.
多い,おおい,many,N5,疑問が多い。,I have many doubts.
太い,ふとい,fat,N5,トムは首が太いんだ。,Tom has a thick neck.
体,からだ,body,N5,大体正しい。,That is almost correct.
待つ,まつ,to wait,N5,待つしかない。,I can only wait.
貸す,かす,to lend,N5,噂話に耳を貸すな。,Don't listen to gossip.
台所,だいどころ,kitchen,N5,台所はどこ？,Where's the kitchen?
大きい,おおきい,big,N5,彼は声が大きい。,He has a loud voice.
大きな,おおきな,big,N5,大きな犬ね。,It's a big dog.
大学,だいがく,university,N5,大学生です。,I am a university student.
大好き,だいすき,to be very likeable,N5,彼が大好き！,I really like him!
大使館,たいしかん,embassy,N5,私は明日大使館へ行きます。,I'll go to the embassy tomorrow.
大丈夫,だいじょうぶ,all right,N5,大丈夫そう？,Are you going to be OK?
大人,おとな,adult,N5,トムは大人だ。,Tom is an adult.
大勢,おおぜい,great number of people,N5,大勢の人出ですよ。,We're filled to the rafters.
大切,たいせつ,important,N5,大切にします。,I'll treasure it.
脱ぐ,ぬぐ,to take off clothes,N5,君にはシャッポを脱ぐよ。,I take my hat off to you!
誰,だれ,who,N5,誰に送るの？,Who are they for?
短い,みじかい,short,N5,人生は短い。,Life is short.
誕生日,たんじょうび,birthday,N5,誕生日いつ？,When is your birthday?
弾く,ひく,to play an instrument with strings; including piano,N5,君はギター弾く？,Do you play the guitar?
暖かい,あたたかい,warm,N5,懐が暖かい。,I have plenty of money with me.
男,おとこ,man,N5,男になれよ。,Be a man.
男の子,おとこのこ,boy,N5,男の子ですよ。,It's a boy.
知る,しる,to know,N5,知るもんか。,Who cares?
地下鉄,ちかてつ,underground train,N5,地下鉄に乗ろう。,Let's take the subway.
地図,ちず,map,N5,これは地図です。,This is a map.
池,いけ,pond,N5,電池が切れた。,The battery is flat.
置く,おく,to put,N5,通路に物を置くな。,Don't put your things in the passage.
遅い,おそい,late; slow,N5,トムは遅い。,Tom's late.
茶色,ちゃいろ,brown,N5,茶色の動物は？,What animal is brown?
着く,つく,to arrive at,N5,いつ着くの？,When do we arrive?
着る,きる,to put on from the shoulders down,N5,恩に着るよ。,I owe you one.
中,なか,middle,N5,電話中です。,I'm talking on the phone.
昼,ひる,noon; daytime,N5,お昼ですよ。,Lunch is on.
昼御飯,ひるごはん,midday meal,N5,,
朝,あさ,morning,N5,もう朝なの？,Is it morning already?
朝御飯,あさごはん,breakfast,N5,朝御飯ができています。,Breakfast is ready.
町,まち,town; city,N5,町は眠っていた。,The town slept.
長い,ながい,long,N5,人生は長い。,Life is good.
鳥,とり,bird,N5,鳥は卵を産む。,Birds lay eggs.
痛い,いたい,painful,N5,頭が痛いな。,I have a headache.
低い,ひくい,short; low,N5,トムは声が低い。,Tom has a low-pitched voice.
庭,にわ,garden,N5,家庭は円満だ。,I have peace at home.
弟,おとうと,younger brother,N5,弟の名前は？,What's your younger brother's name?
締める,しめる,to tie,N5,口と財布は締めるが得。,Keep your purse and your mouth closed.
天気,てんき,weather,N5,ひどい天気！,What horrible weather!
店,みせ,shop,N5,彼は店に行った。,He's gone to the shops.
貼る,はる,to stick,N5,手紙に切手を貼るのを忘れるな。,Don't forget to put a stamp on your letter.
電気,でんき,electricity; electric light,N5,電気消して。,Put out the light.
電車,でんしゃ,electric train,N5,電車来たよ。,Here comes the train.
電話,でんわ,telephone,N5,電話中です。,I'm talking on the phone.
渡す,わたす,to hand over,N5,君に渡す物がある。,I have something to give you.
渡る,わたる,to go across,N5,通りを渡るな。,Don't cross the street!
登る,のぼる,to climb,N5,塀に登るな。,Don't climb up the wall.
土曜日,どようび,Saturday,N5,土曜日だよ。,It is Saturday.
冬,ふゆ,winter,N5,冬は疲れる。,I feel more tired in the wintertime.
東,ひがし,east,N5,東京駅なう。,I'm at Tokyo Station now.
答える,こたえる,to answer,N5,軽率に答えるな。,Do not answer hastily.
頭,あたま,head,N5,頭痛がする。,I have a headache.
働く,はたらく,to work,N5,働くしかない。,We have no alternative but to work.
動物,どうぶつ,animal,N5,猫は動物です。,Cats are animals.
同じ,おなじ,same,N5,同じ意見です。,I agree.
道,みち,street,N5,旅は道連れ。,Good company on the road is the shortest cut.
読む,よむ,to read,N5,そんな本読むな。,Do not read such a book.
豚肉,ぶたにく,pork,N5,豚肉は私には合わない。,Pork doesn't agree with me.
曇り,くもり,cloudy weather,N5,曇りの日です。,It's a cloudy day.
曇る,くもる,to become cloudy; to become dim,N5,マスクをつけると眼鏡が曇る。,"When I wear a mask, my glasses get steamed up."
南,みなみ,south,N5,風は南へ吹く。,The wind blows south.
難しい,むずかしい,difficult,N5,彼は気難しい。,He is hard to please.
二,に,two,N5,二日酔いだ。,I have a hangover.
二つ,ふたつ,two,N5,二つ折り厳禁。,Do not fold!
二十歳,はたち,20 years old; 20th year,N5,ローリーは二十歳だ。,Laurie is twenty years old.
二十日,はつか,twenty days; twentieth,N5,今日は金曜日、十月二十日だ。,"Today is Friday, the twentieth of October."
二人,ふたり,two people,N5,二人は結婚した。,They got married.
二日,ふつか,two days; second day of the month,N5,二日酔いだ。,I have a hangover.
賑やか,にぎやか,bustling; busy,N5,この通りは賑やかだ。,This street is lively.
肉,にく,meat,N5,牛肉は高い。,Beef is expensive.
日曜日,にちようび,Sunday,N5,日曜日、暇？,Are you free on Sunday?
入る,はいる,to enter; to contain,N5,芝生に入るな。,Keep off the grass!
入れる,いれる,to put in,N5,氷は入れる？,Would you like ice?
入口,いりぐち,entrance,N5,入口の側で立った。,He stood by the entrance.
猫,ねこ,cat,N5,僕は猫背だ。,I am round shouldered.
熱い,あつい,hot to the touch,N5,卵がまだ熱い。,The eggs are still hot.
年,とし,year,N5,よいお年を。,Happy New Year!
背,せ,height; stature,N5,僕は猫背だ。,I am round shouldered.
背広,せびろ,business suit,N5,私は新しい背広を買った。,I bought a new suit of clothes.
買い物,かいもの,shopping,N5,買い物大好き！,I love shopping!
買う,かう,to buy,N5,それ買うよ。,I'll buy it.
売る,うる,to sell,N5,彼は果物を売る。,He sells fruit.
伯父/叔父,おじいさん,grandfather; male senior citizen,N5,,
伯母さん/叔母さん,おばさん,aunt,N5,,
白,しろ,white,N5,明々白々だ。,It's abundantly clear.
白い,しろい,white,N5,白いですか。,Is it white?
薄い,うすい,thin; weak,N5,あの人は影が薄い。,He is always in the background.
箱,はこ,box,N5,箱を開けて。,Open the box.
八,はち,eight,N5,八十歳です。,He is eighty years old.
八つ,やっつ,eight,N5,彼女は八つだ。,She is eight.
八日,ようか,eight days; eighth day of the month,N5,日本では、八月八日はヒゲの日です。,August 8th is Beard Day in Japan.
八百屋,やおや,greengrocer,N5,私は八百屋の外で彼に出会った。,I met him outside the greengrocer's.
半,はん,half,N5,半分よこせ。,Give me half of it.
半分,はんぶん,half minute,N5,半分よこせ。,Give me half of it.
煩い,うるさい,noisy; annoying,N5,この客引きはとても煩い！,These hawkers are very annoying!
晩,ばん,evening,N5,彼は晩学だ。,He acquired education late in his life.
晩御飯,ばんごはん,evening meal,N5,母は晩御飯の支度で忙しい。,Mother is busy cooking the dinner.
番号,ばんごう,number,N5,電話番号、何番？,What's the number?
疲れる,つかれる,to get tired,N5,冬は疲れる。,I feel more tired in the wintertime.
飛ぶ,とぶ,to fly; to hop,N5,飛ぶ前に見よ。,Look before you leap.
飛行機,ひこうき,aeroplane,N5,紙飛行機だよ。,I made a paper plane.
鼻,はな,nose,N5,鼻をかんで。,Blow your nose.
百,ひゃく,hundred,N5,五十歩百歩。,Scant difference.
病院,びょういん,hospital,N5,ここは病院だ。,This is a hospital.
病気,びょうき,illness,N5,病気と闘う。,I will battle with illness.
部屋,へや,room,N5,部屋を出ろ。,You must go out of the room.
封筒,ふうとう,envelope,N5,封筒がいる。,I need an envelope.
風,かぜ,wind,N5,風邪ですね。,It's just a cold.
風邪,かぜ,a cold,N5,風邪ですね。,It's just a cold.
服,ふく,clothes,N5,一服させて。,Let me have a cigarette.
物,もの,thing,N5,忘れ物ない？,Do you have everything?
分かる,わかる,to be understood,N5,分かる、分かる。,I know what you mean.
文章,ぶんしょう,sentence; text,N5,彼は文章がうまい。,He is a good writer.
聞く,きく,to hear; to listen to; to ask,N5,一曲聞くか。,Will you listen to a piece of music?
並ぶ,ならぶ,to line up; to stand in a line,N5,英国人は列を作って並ぶのに慣れている。,British people are used to standing in queues.
並べる,ならべる,to line up; to set up,N5,身長順に男の子を並べる。,Rank boys according to their height.
閉まる,しまる,to close; to be closed,N5,2時半に閉まる。,We close at 2:30.
閉める,しめる,to close something,N5,ドアを閉めるね。,I'll close the door.
辺,へん,area,N5,ここら辺の人？,Does he live round here?
返す,かえす,to return something,N5,歴史は繰り返す。,History repeats itself.
便利,べんり,useful; convenient,N5,そりゃ便利だね。,That comes in handy.
勉強,べんきょうする,to study,N5,勉強するな。,Don't study.
歩く,あるく,to walk,N5,彼女は歩く。,She walks.
方,かた,person; way of doing,N5,湿疹の方は？,What about the rash?
帽子,ぼうし,hat,N5,帽子、返して。,Give me back my hat.
忘れる,わすれる,to forget,N5,死を忘れるな。,Don't forget death.
忙しい,いそがしい,busy; irritated,N5,僕は忙しい。,I'm busy.
北,きた,north,N5,見て、北極星よ。,"Look, it's the North Star."
本,ほん,book,N5,本日定休日。,Today is our regular closing day.
本棚,ほんだな,bookshelves,N5,ジョンは本棚を作った。,John built a bookcase.
磨く,みがく,to brush teeth; to polish,N5,男の人は歯を磨く。,The man brushes his teeth.
妹,いもうと,(humble) younger sister,N5,妹は美人だ。,My sister is pretty.
毎月,まいげつ/まいつき,every month,N5,この雑誌は毎月出る。,This magazine is issued every month.
毎週,まいしゅう,every week,N5,毎週釣りに行く。,Every week he goes fishing.
毎朝,まいあさ,every morning,N5,父は毎朝散歩する。,My father takes a walk every morning.
毎日,まいにち,every day,N5,平凡な毎日さ。,I live an ordinary life.
毎年,まいねん/まいとし,every year,N5,毎年行きます。,I go every year.
毎晩,まいばん,every night,N5,毎晩電話するよ。,I'll give you a ring every night.
万,まん,ten thousand,N5,万事順調だ。,Everything is all right.
万年筆,まんねんひつ,fountain pen,N5,万年筆って持ってる？,Do you have a fountain pen?
無くす,なくす,to lose something,N5,新しい政府は国から腐敗を無くすと約束した。,The new government promised to rid the country of corruption.
名前,なまえ,name,N5,彼の名前は？,What is his name?
明い,あかるい,bright,N5,発言を許していただけるなら、すべてをご説明いたします。,"If you permit me to speak, I can explain everything."
明日,あした,tomorrow,N5,明日来れる？,Can you come tomorrow?
鳴く,なく,animal noise. to chirp; roar or croak etc.,N5,羊は何て鳴くの？,What sound does a sheep make?
木,き,tree; wood,N5,木を折るな。,Don't break the branches.
木曜日,もくようび,Thursday,N5,今日は木曜日です。,Today is Thursday.
目,め,eye,N5,目を閉じて。,Close your eyes.
問題,もんだい,problem,N5,問題ないよ。,No problem!
門,もん,gate,N5,口は禍の門。,The tongue wounds more than a lance.
夜,よる,evening; night,N5,夜が明ける。,Day breaks.
野菜,やさい,vegetable,N5,茄子は野菜よ。,The eggplant is a vegetable.
薬,くすり,medicine,N5,薬が効いた。,The medicine has worked.
友達,ともだち,friend,N5,友達でしょ？,Are you friends?
有名,ゆうめい,famous,N5,有名な曲よ。,It's a famous song.
遊ぶ,あそぶ,to play; to make a visit,N5,ここで遊ぶな。,Don't play here.
郵便局,ゆうびんきょく,post office,N5,郵便局に行くの？,Are you going to the post office?
夕飯,ゆうはん,dinner,N5,今、夕飯中。,"Right now, I'm eating dinner."
夕方,ゆうがた,evening,N5,夕方の五時です。,It's five in the evening.
洋服,ようふく,western-style clothes,N5,お洋服着ましょうね。,Let's get you dressed.
葉書,はがき,postcard,N5,葉書をおくれ。,Send me a postcard.
要る,いる,to need,N5,車が要るの？,Do you want a car?
欲しい,ほしい,want,N5,水が欲しい。,I want some water.
来る,くる,to come,N5,先生が来る。,There comes our teacher.
来月,らいげつ,next month,N5,再来月は１２月だ。,The month after next is December.
来週,らいしゅう,next week,N5,また再来週。,See you the week after next week.
来年,らいねん,next year,N5,来年は卯年だ。,Next year is the year of the rabbit.
頼む,たのむ,to ask,N5,後で頼むよ。,I'll order it later.
卵,たまご,egg,N5,卵は嫌いです。,I don't care for eggs.
立つ,たつ,to stand,N5,林に竹が目立つ。,Bamboo stands out in the woods.
留学生,りゅうがくせい,overseas student,N5,留学生の方ですか？,Are you an exchange student?
旅行,りょこう,travel,N5,旅行は好き？,Do you like to travel?
両親,りょうしん,both parents,N5,両親が離婚した。,My parents got divorced.
料理,りょうり,cuisine,N5,料理は得意？,Are you a good cook?
涼しい,すずしい,refreshing,N5,秋は涼しいです。,Autumn is cool.
緑,みどり,green,N5,緑茶は無理。,I can't drink green tea.
隣,となり,next door to,N5,隣に座って。,Come sit next to me.
冷たい,つめたい,cold to the touch,N5,冷たいなあ。,That's a bit cold.
冷蔵庫,れいぞうこ,refrigerator,N5,冷蔵庫の中だよ。,It's in the fridge.
零,れい,zero,N5,今は零下１０度だ。,It is ten degrees below zero now.
練習,れんしゅうする,to practice,N5,練習は熟達の道。,Practice makes perfect.
廊下,ろうか,corridor,N5,廊下に箱がある。,There’s a box in the hall.
六,ろく,six,N5,六十の手習い。,It is never too late to learn.
六つ,むっつ,six,N5,一つ、二つ、三つ、四つ、五つ、六つ、七つ、八つ、九つ、十。,"One, two, three, four, five, six, seven, eight, nine, ten."
六日,むいか,six days; sixth day of the month,N5,トムは、六日間だけ迷子の犬を預かることにしました。,Tom only looked after the stray for 6 days.
話,はなし,talk; story,N5,話がそれた。,The story wandered.
話す,はなす,to speak,N5,電話するよ。,I'll phone you.
